Order Country,Orders,Delayed,On_Time_or_Early,Avg_Delay_Gap_Days,Delay_Rate,On_Time_or_Early_Rate,Efficiency_Index,Regional_Delay_Index
Bután,5,5,0,2.0,100.0,0.0,0.0,174.5506531820524
Armenia,5,5,0,1.0,100.0,0.0,0.0,174.5506531820524
Guinea Ecuatorial,2,2,0,1.5,100.0,0.0,0.0,174.5506531820524
Eritrea,2,2,0,2.0,100.0,0.0,0.0,174.5506531820524
República de Gambia,5,5,0,2.0,100.0,0.0,0.0,174.5506531820524
Sáhara Occidental,2,2,0,2.0,100.0,0.0,0.0,174.5506531820524
Sudán del Sur,5,5,0,2.2,100.0,0.0,0.0,174.5506531820524
Suazilandia,5,5,0,2.0,100.0,0.0,0.0,174.5506531820524
Laos,6,6,0,1.8333333333333333,100.0,0.0,0.0,174.5506531820524
Luxemburgo,10,10,0,2.7,100.0,0.0,0.0,174.5506531820524
Estonia,29,28,1,1.5517241379310345,96.55172413793103,3.4482758620689653,3.4482758620689653,168.53166514129197
República del Congo,13,12,1,1.0,92.3076923076923,7.6923076923076925,7.6923076923076925,161.12367986035605
Eslovenia,6,5,1,1.8333333333333333,83.33333333333334,16.666666666666664,16.666666666666664,145.45887765171034
Guyana,19,15,4,0.8421052631578947,78.94736842105263,21.052631578947366,21.052631578947366,137.80314724898872
Gabón,45,35,10,1.1111111111111112,77.77777777777779,22.22222222222222,22.22222222222222,135.76161914159633
Túnez,36,28,8,0.8611111111111112,77.77777777777779,22.22222222222222,22.22222222222222,135.76161914159633
Namibia,20,15,5,0.75,75.0,25.0,25.0,130.9129898865393
Georgia,87,64,23,0.6436781609195402,73.5632183908046,26.436781609195403,26.436781609195403,128.40507820288911
Eslovaquia,22,16,6,0.8181818181818182,72.72727272727273,27.27272727272727,27.27272727272727,126.94592958694722
Bosnia y Herzegovina,43,31,12,0.627906976744186,72.09302325581395,27.906976744186046,27.906976744186046,125.83884299171217
Yemen,59,42,17,0.9322033898305084,71.1864406779661,28.8135593220339,28.8135593220339,124.25639718044408
Moldavia,76,54,22,1.4210526315789473,71.05263157894737,28.947368421052634,28.947368421052634,124.02283252408985
Ecuador,279,197,82,0.6845878136200717,70.60931899641577,29.39068100358423,29.39068100358423,123.24902751564272
Turkmenistán,53,37,16,0.6792452830188679,69.81132075471697,30.18867924528302,30.18867924528302,121.85611637237619
Costa Rica,36,25,11,1.3055555555555556,69.44444444444444,30.555555555555557,30.555555555555557,121.21573137642527
Botsuana,13,9,4,0.6153846153846154,69.23076923076923,30.76923076923077,30.76923076923077,120.84275989526702
Emiratos Árabes Unidos,29,20,9,0.5862068965517241,68.96551724137932,31.03448275862069,31.03448275862069,120.37976081520856
Sri Lanka,16,11,5,0.875,68.75,31.25,31.25,120.00357406266102
Yibuti,31,21,10,0.6129032258064516,67.74193548387096,32.25806451612903,32.25806451612903,118.2439908652613
Somalia,133,90,43,0.6240601503759399,67.66917293233082,32.33082706766917,32.33082706766917,118.11698335627605
Lesoto,15,10,5,0.8,66.66666666666666,33.33333333333333,33.33333333333333,116.36710212136825
Chipre,12,8,4,0.25,66.66666666666666,33.33333333333333,33.33333333333333,116.36710212136825
Mongolia,79,52,27,1.2784810126582278,65.82278481012658,34.177215189873415,34.177215189873415,114.89410082869271
Níger,105,69,36,0.6952380952380952,65.71428571428571,34.285714285714285,34.285714285714285,114.70471494820585
Mozambique,238,156,82,0.8613445378151261,65.54621848739495,34.45378151260504,34.45378151260504,114.41135250588307
República Centroafricana,23,15,8,0.6521739130434783,65.21739130434783,34.78260869565217,34.78260869565217,113.83738251003417
Croacia,79,51,28,0.6075949367088608,64.55696202531645,35.44303797468354,35.44303797468354,112.68459888967939
Trinidad y Tobago,126,81,45,0.9365079365079365,64.28571428571429,35.714285714285715,35.714285714285715,112.21113418846227
Hungría,175,112,63,0.6171428571428571,64.0,36.0,36.0,111.71241803651353
Irlanda,468,298,170,0.717948717948718,63.67521367521367,36.324786324786324,36.324786324786324,111.14550138515303
Camboya,146,92,54,0.5,63.013698630136986,36.986301369863014,36.986301369863014,109.99082255307411
Malasia,529,333,196,0.6275992438563327,62.948960302457465,37.051039697542535,37.051039697542535,109.87782137925038
Chile,708,444,264,0.6440677966101694,62.71186440677966,37.28813559322034,37.28813559322034,109.46396894467694
Costa de Marfil,249,156,93,0.8433734939759037,62.65060240963856,37.34939759036144,37.34939759036144,109.35703572851476
Ghana,256,160,96,0.93359375,62.5,37.5,37.5,109.09415823878274
Israel,252,156,96,0.5476190476190477,61.904761904761905,38.095238095238095,38.095238095238095,108.05516625555624
Rumania,425,263,162,0.6329411764705882,61.882352941176464,38.11764705882353,38.11764705882353,108.01605126324654
República Democrática del Congo,977,604,373,0.6284544524053224,61.82190378710338,38.17809621289662,38.17809621289662,107.91053686996894
Angola,297,183,114,0.8383838383838383,61.61616161616161,38.38383838383838,38.38383838383838,107.55141256671914
Corea del Sur,570,351,219,0.7649122807017544,61.578947368421055,38.421052631578945,38.421052631578945,107.48645485421122
Belice,13,8,5,0.23076923076923078,61.53846153846154,38.46153846153847,38.46153846153847,107.41578657357071
Siria,56,34,22,1.0535714285714286,60.71428571428571,39.285714285714285,39.285714285714285,105.97718228910323
Bolivia,208,126,82,0.8221153846153846,60.57692307692307,39.42307692307692,39.42307692307692,105.73741490835866
Perú,725,439,286,0.6496551724137931,60.55172413793104,39.44827586206897,39.44827586206897,105.6934299957531
Austria,1332,806,526,0.5765765765765766,60.51051051051051,39.489489489489486,39.489489489489486,105.62149133989055
Nepal,80,48,32,0.625,60.0,40.0,40.0,104.73039190923143
Afganistán,155,93,62,0.5870967741935483,60.0,40.0,40.0,104.73039190923143
Tailandia,862,517,345,0.6322505800464037,59.976798143851504,40.023201856148496,40.023201856148496,104.68989291777389
Bangladés,457,274,183,0.6542669584245077,59.95623632385121,40.0437636761488,40.0437636761488,104.65400212665725
Kazajistán,264,158,106,0.7424242424242424,59.84848484848485,40.15151515151515,40.15151515151515,104.46592122259197
Bélgica,620,371,249,0.6403225806451613,59.83870967741935,40.16129032258065,40.16129032258065,104.44885859764747
Suecia,910,544,366,0.6384615384615384,59.78021978021978,40.21978021978022,40.21978021978022,104.34676410004012
Arabia Saudí,830,496,334,0.5421686746987951,59.75903614457832,40.24096385542168,40.24096385542168,104.30978792566023
Albania,37,22,15,0.35135135135135137,59.45945945945946,40.54054054054054,40.54054054054054,103.78687486500414
Nicaragua,2886,1716,1170,0.615038115038115,59.45945945945946,40.54054054054054,40.54054054054054,103.78687486500414
Uganda,96,57,39,0.6354166666666666,59.375,40.625,40.625,103.6394503268436
Egipto,1125,667,458,0.5155555555555555,59.28888888888889,40.71111111111111,40.71111111111111,103.48914281993684
Pakistán,741,438,303,0.5344129554655871,59.10931174089069,40.89068825910931,40.89068825910931,103.17568973514028
Martinica,107,63,44,0.5420560747663551,58.87850467289719,41.1214953271028,41.1214953271028,102.77281449036731
Alemania,9154,5383,3771,0.5861918287087612,58.80489403539436,41.19510596460564,41.19510596460564,102.64432664179463
Venezuela,921,541,380,0.6069489685124865,58.74049945711184,41.25950054288817,41.25950054288817,102.53192548478867
Tanzania,359,210,149,0.415041782729805,58.495821727019504,41.5041782729805,41.5041782729805,102.10483890872146
India,4589,2684,1905,0.6162562649814775,58.48768794944432,41.51231205055568,41.51231205055568,102.09064134683561
Uzbekistán,120,70,50,0.6916666666666667,58.333333333333336,41.66666666666667,41.66666666666667,101.82121435619725
Suiza,302,176,126,0.7483443708609272,58.27814569536424,41.72185430463576,41.72185430463576,101.72488397364643
Mali,103,60,43,0.3883495145631068,58.252427184466015,41.74757281553398,41.74757281553398,101.67999214488488
Francia,12612,7341,5271,0.6026799873136696,58.206470028544246,41.793529971455754,41.793529971455754,101.59977362903953
El Salvador,3599,2091,1508,0.6104473464851348,58.09947207557655,41.90052792442345,41.90052792442345,101.413008003243
Rusia,966,561,405,0.6490683229813664,58.07453416149069,41.92546583850932,41.92546583850932,101.36947871131616
Turquía,3263,1894,1369,0.6089488201041986,58.044744100520994,41.955255899479006,41.955255899479006,101.31747996531021
Indonesia,4021,2328,1693,0.5759761253419547,57.89604575976125,42.10395424023874,42.10395424023874,101.05792604024322
España,3729,2154,1575,0.56047197640118,57.763475462590506,42.236524537409494,42.236524537409494,100.8265237206063
Filipinas,2015,1162,853,0.5493796526054591,57.66749379652606,42.33250620347395,42.33250620347395,100.65898709555579
Estados Unidos,23720,13670,10050,0.5827571669477234,57.63069139966274,42.36930860033727,42.36930860033727,100.59474827144422
Zambia,259,149,110,0.667953667953668,57.52895752895753,42.471042471042466,42.471042471042466,100.41717113562088
Guatemala,2659,1529,1130,0.5344114328694998,57.5028206092516,42.4971793907484,42.4971793907484,100.37154897155251
México,12605,7246,5359,0.5892106307021023,57.4851249504165,42.5148750495835,42.5148750495835,100.34066108347098
Azerbaiyán,68,39,29,0.5735294117647058,57.35294117647059,42.64705882352941,42.64705882352941,100.10993344264769
Países Bajos,1837,1053,784,0.5666848121937942,57.32172019597169,42.67827980402831,42.67827980402831,100.05543701725703
Zimbabue,185,106,79,0.6054054054054054,57.2972972972973,42.7027027027027,42.7027027027027,100.01280668809488
República Dominicana,3527,2020,1507,0.5922880635100652,57.272469520839245,42.727530479160755,42.727530479160755,99.96946964211678
Brasil,7579,4331,3248,0.5701279852223249,57.14474205040243,42.85525794959757,42.85525794959757,99.74652050817639
Bulgaria,149,85,64,0.5704697986577181,57.04697986577181,42.95302013422819,42.95302013422819,99.57587597633861
Barbados,114,65,49,0.7982456140350878,57.01754385964912,42.98245614035088,42.98245614035088,99.52449523538075
China,5499,3123,2376,0.5561011092925987,56.79214402618658,43.207855973813416,43.207855973813416,99.13105835380061
Australia,8136,4613,3523,0.575589970501475,56.69862340216323,43.30137659783678,43.30137659783678,98.96781749370793
Uruguay,138,78,60,0.41304347826086957,56.52173913043478,43.47826086956522,43.47826086956522,98.65906484202961
Myanmar (Birmania),393,222,171,0.41475826972010177,56.48854961832062,43.51145038167939,43.51145038167939,98.60113233184642
Lituania,131,74,57,0.4732824427480916,56.48854961832062,43.51145038167939,43.51145038167939,98.60113233184642
Irán,1412,797,615,0.5375354107648725,56.444759206798864,43.555240793201136,43.555240793201136,98.52469588250408
Marruecos,1095,618,477,0.5863013698630137,56.43835616438356,43.56164383561644,43.56164383561644,98.51351933014463
Qatar,39,22,17,0.41025641025641024,56.41025641025641,43.58974358974359,43.58974358974359,98.46447102577315
Polonia,634,357,277,0.48580441640378547,56.30914826498423,43.69085173501578,43.69085173501578,98.2879860977803
Italia,4763,2672,2091,0.47994961158933447,56.099097207642245,43.90090279235776,43.90090279235776,97.92134060517405
Argelia,489,274,215,0.6728016359918201,56.032719836400815,43.967280163599185,43.967280163599185,97.80547847010706
Papúa Nueva Guinea,59,33,26,0.03389830508474576,55.932203389830505,44.06779661016949,44.06779661016949,97.6300263560632
Reino Unido,6992,3903,3089,0.5247425629290617,55.82093821510298,44.17906178489702,44.17906178489702,97.43581226681215
Ucrania,952,527,425,0.5315126050420168,55.35714285714286,44.642857142857146,44.642857142857146,96.62625444006473
República Checa,181,100,81,0.430939226519337,55.24861878453039,44.751381215469614,44.751381215469614,96.4368249624599
SudAfrica,1047,578,469,0.46131805157593125,55.205348615090735,44.794651384909265,44.794651384909265,96.36129659906999
Noruega,323,178,145,0.6965944272445821,55.10835913312694,44.89164086687307,44.89164086687307,96.1920008247843
Haití,525,289,236,0.518095238095238,55.047619047619044,44.952380952380956,44.952380952380956,96.08597860878693
Honduras,3494,1919,1575,0.45306239267315396,54.92272467086434,45.07727532913567,45.07727532913567,95.86797465837394
Nigeria,2237,1225,1012,0.5645954403218596,54.760840411265086,45.239159588734914,45.239159588734914,95.58540462584452
Singapur,444,243,201,0.46396396396396394,54.729729729729726,45.27027027027027,45.27027027027027,95.53110072801516
Vietnam,720,394,326,0.4444444444444444,54.72222222222223,45.27777777777778,45.27777777777778,95.51799632462313
Argentina,1835,999,836,0.470299727520436,54.44141689373298,45.55858310626703,45.55858310626703,95.02784878957513
Nueva Zelanda,1538,836,702,0.4928478543563069,54.35630689206762,45.64369310793238,45.64369310793238,94.879288725745
Colombia,1681,908,773,0.46222486615110053,54.01546698393813,45.98453301606187,45.98453301606187,94.28435043979987
Cuba,3354,1798,1556,0.4639236732259988,53.60763267740012,46.39236732259988,46.39236732259988,93.57247299383728
Guinea-Bissau,28,15,13,0.4642857142857143,53.57142857142857,46.42857142857143,46.42857142857143,93.5092784903852
Japón,734,392,342,0.4223433242506812,53.40599455040872,46.59400544959128,46.59400544959128,93.22051232610973
Jordania,105,56,49,0.5333333333333333,53.333333333333336,46.666666666666664,46.666666666666664,93.09368169709462
Portugal,317,169,148,0.47318611987381703,53.31230283911672,46.68769716088328,46.68769716088328,93.05697283207209
Madagascar,139,74,65,0.8633093525179856,53.23741007194245,46.76258992805755,46.76258992805755,92.9262470177833
Irak,919,488,431,0.47442872687704024,53.10119695321001,46.898803046789986,46.898803046789986,92.68848612931617
Sudán,239,126,113,0.5230125523012552,52.719665271966534,47.28033472803347,47.28033472803347,92.02252008760922
Jamaica,162,85,77,0.5802469135802469,52.46913580246913,47.53086419753087,47.53086419753087,91.58521926218798
Bielorrusia,204,107,97,0.5392156862745098,52.450980392156865,47.549019607843135,47.549019607843135,91.55352887490004
Panamá,1882,984,898,0.3756641870350691,52.28480340063763,47.71519659936238,47.71519659936238,91.26346585076493
Canada,907,468,439,0.37816979051819183,51.598676957001096,48.4013230429989,48.4013230429989,90.06582766174257
Kenia,229,116,113,0.4017467248908297,50.65502183406113,49.34497816593886,49.34497816593886,88.41867148086496
Finlandia,277,139,138,0.4548736462093863,50.18050541516246,49.81949458483754,49.81949458483754,87.59039997222125
Ruanda,84,41,43,0.2619047619047619,48.80952380952381,51.19047619047619,51.19047619047619,85.1973426245732
Guinea,39,19,20,0.1794871794871795,48.717948717948715,51.28205128205128,51.28205128205128,85.0374977040768
Sierra Leona,39,19,20,0.1794871794871795,48.717948717948715,51.28205128205128,51.28205128205128,85.0374977040768
Libia,102,49,53,0.11764705882352941,48.03921568627451,51.9607843137255,51.9607843137255,83.85276476392714
Senegal,242,116,126,0.2231404958677686,47.93388429752066,52.066115702479344,52.066115702479344,83.66890813685156
Camerún,256,121,135,0.27734375,47.265625,52.734375,52.734375,82.50245716807946
Liberia,30,14,16,0.23333333333333334,46.666666666666664,53.333333333333336,53.333333333333336,81.45697148495779
Benín,84,39,45,0.17857142857142858,46.42857142857143,53.57142857142857,53.57142857142857,81.04137469166719
Dinamarca,278,128,150,0.2446043165467626,46.043165467625904,53.956834532374096,53.956834532374096,80.3686460694342
Montenegro,11,5,6,0.45454545454545453,45.45454545454545,54.54545454545454,54.54545454545454,79.341205991842
Etiopía,20,9,11,-0.05,45.0,55.00000000000001,55.00000000000001,78.54779393192358
Hong Kong,62,27,35,0.41935483870967744,43.54838709677419,56.451612903225815,56.451612903225815,76.01399412766797
Tayikistán,7,3,4,0.42857142857142855,42.857142857142854,57.14285714285714,57.14285714285714,74.80742279230816
Grecia,27,11,16,0.037037037037037035,40.74074074074074,59.25925925925925,59.25925925925925,71.1132290741695
Paraguay,74,30,44,0.33783783783783783,40.54054054054054,59.45945945945946,59.45945945945946,70.76377831704826
Guadalupe,36,14,22,0.3611111111111111,38.88888888888889,61.111111111111114,61.111111111111114,67.88080957079816
Kirguistán,98,38,60,0.24489795918367346,38.775510204081634,61.224489795918366,61.224489795918366,67.68290633589787
Mauritania,21,8,13,0.19047619047619047,38.095238095238095,61.904761904761905,61.904761904761905,66.49548692649616
Togo,120,45,75,0.11666666666666667,37.5,62.5,62.5,65.45649494326965
Taiwán,29,10,19,0.06896551724137931,34.48275862068966,65.51724137931035,65.51724137931035,60.18988040760428
Guayana Francesa,9,3,6,-0.5555555555555556,33.33333333333333,66.66666666666666,66.66666666666666,58.183551060684124
Líbano,20,6,14,-0.1,30.0,70.0,70.0,52.365195954615714
Macedonia,6,1,5,-0.5,16.666666666666664,83.33333333333334,83.33333333333334,29.091775530342062
Burkina Faso,11,1,10,-0.2727272727272727,9.090909090909092,90.9090909090909,90.9090909090909,15.868241198368402
Chad,3,0,3,0.0,0.0,100.0,100.0,0.0
Baréin,4,0,4,-1.0,0.0,100.0,100.0,0.0
Burundi,1,0,1,-1.0,0.0,100.0,100.0,0.0
Kuwait,2,0,2,0.0,0.0,100.0,100.0,0.0
Omán,8,0,8,-0.5,0.0,100.0,100.0,0.0
Serbia,1,0,1,-1.0,0.0,100.0,100.0,0.0
Surinam,8,0,8,-2.0,0.0,100.0,100.0,0.0
